<zimlet name="tk_barrydegraaff_zimbra_openpgp" version="1.0.0" description="Zimbra OpenPGP">
   <summary>
Zimbra OpenPGP Zimlet

   https://github.com/barrydegraaff/pgp-zimlet
   https://www.indiegogo.com/projects/zimbra-openpgp-zimlet

Copyright (C) 2014  Barry de Graaff 

Bugs and feedback: https://github.com/barrydegraaff/pgp-zimlet/issues

This program is free software: you can redistribute it and/or modify
it under the terms of the GNU General Public License as published by
the Free Software Foundation, either version 3 of the License, or
(at your option) any later version.

This program is distributed in the hope that it will be useful,
but WITHOUT ANY WARRANTY; without even the implied warranty of
MERCHANTABILITY or FITNESS FOR A PARTICULAR PURPOSE.  See the
GNU General Public License for more details.

You should have received a copy of the GNU General Public License
along with this program.  If not, see http://www.gnu.org/licenses/. 
   </summary>
   <resource>icon.png</resource>
   <include>tk_barrydegraaff_zimbra_openpgp.js</include>
   <handlerObject>tk_barrydegraaff_zimbra_openpgp</handlerObject>
   <includeCSS>tk_barrydegraaff_zimbra_openpgp.css</includeCSS>
   <zimletPanelItem label="OpenPGP" icon="tk_barrydegraaff_zimbra_openpgp-panelIcon">
      <toolTipText>Drag-drop a message to verify/decrypt or right click for menu.</toolTipText>
      <dragSource type="ZmConv" />
		<dragSource type="ZmMailMsg" />
      <contextMenu>
         <menuItem icon="tk_barrydegraaff_zimbra_openpgp-sign" label="Sign message" id="sign" />
         <menuItem icon="tk_barrydegraaff_zimbra_openpgp-panelIcon" label="Encrypt message" id="encrypt" />
         <menuItem icon="tk_barrydegraaff_zimbra_openpgp-pubkeys" label="Manage public keys" id="pubkeys" />
         <menuItem icon="tk_barrydegraaff_zimbra_openpgp-keypair" label="Generate key pair" id="keypair" />
         <menuItem icon="tk_barrydegraaff_zimbra_openpgp-about" label="About" id="about" />
      </contextMenu>      
   </zimletPanelItem>
   <userProperties>
      <property type="string" label="Trusted public key 1" name="zimbra_openpgp_pubkeys1" rows="2"/>
      <property type="string" label="Trusted public key 2" name="zimbra_openpgp_pubkeys2" rows="2"/>
      <property type="string" label="Trusted public key 3" name="zimbra_openpgp_pubkeys3" rows="2"/>
      <property type="string" label="Trusted public key 4" name="zimbra_openpgp_pubkeys4" rows="2"/>
      <property type="string" label="Trusted public key 5" name="zimbra_openpgp_pubkeys5" rows="2"/>
      <property type="string" label="Trusted public key 6" name="zimbra_openpgp_pubkeys6" rows="2"/>
      <property type="string" label="Trusted public key 7" name="zimbra_openpgp_pubkeys7" rows="2"/>
      <property type="string" label="Trusted public key 8" name="zimbra_openpgp_pubkeys8" rows="2"/>
      <property type="string" label="Trusted public key 9" name="zimbra_openpgp_pubkeys9" rows="2"/>
      <property type="string" label="Trusted public key 10" name="zimbra_openpgp_pubkeys10" rows="2"/>
      <property type="string" label="Trusted public key 11" name="zimbra_openpgp_pubkeys11" rows="2"/>
      <property type="string" label="Trusted public key 12" name="zimbra_openpgp_pubkeys12" rows="2"/>
      <property type="string" label="Trusted public key 13" name="zimbra_openpgp_pubkeys13" rows="2"/>
      <property type="string" label="Trusted public key 14" name="zimbra_openpgp_pubkeys14" rows="2"/>
      <property type="string" label="Trusted public key 15" name="zimbra_openpgp_pubkeys15" rows="2"/>
      <property type="string" label="Trusted public key 16" name="zimbra_openpgp_pubkeys16" rows="2"/>
      <property type="string" label="Trusted public key 17" name="zimbra_openpgp_pubkeys17" rows="2"/>
      <property type="string" label="Trusted public key 18" name="zimbra_openpgp_pubkeys18" rows="2"/>
      <property type="string" label="Trusted public key 19" name="zimbra_openpgp_pubkeys19" rows="2"/>
      <property type="string" label="Trusted public key 20" name="zimbra_openpgp_pubkeys20" rows="2"/>
      <property type="string" label="Trusted public key 21" name="zimbra_openpgp_pubkeys21" rows="2"/>
      <property type="string" label="Trusted public key 22" name="zimbra_openpgp_pubkeys22" rows="2"/>
      <property type="string" label="Trusted public key 23" name="zimbra_openpgp_pubkeys23" rows="2"/>
      <property type="string" label="Trusted public key 24" name="zimbra_openpgp_pubkeys24" rows="2"/>
      <property type="string" label="Trusted public key 25" name="zimbra_openpgp_pubkeys25" rows="2"/>
      <property type="string" label="Trusted public key 26" name="zimbra_openpgp_pubkeys26" rows="2"/>
      <property type="string" label="Trusted public key 27" name="zimbra_openpgp_pubkeys27" rows="2"/>
      <property type="string" label="Trusted public key 28" name="zimbra_openpgp_pubkeys28" rows="2"/>
      <property type="string" label="Trusted public key 29" name="zimbra_openpgp_pubkeys29" rows="2"/>
      <property type="string" label="Trusted public key 30" name="zimbra_openpgp_pubkeys30" rows="2"/>
   </userProperties>
</zimlet>
